<?xml version="1.0" encoding="UTF-8" standalone="yes"?>
<manifest>
  <control namespace="smc" constructor="SpeechToText" version="1.0.4" display-name-key="SpeechToText" description-key="Converts speech to text using Azure cognitive services" control-type="standard" api-version="1.3.5">
    <external-service-usage enabled="true">
      <domain>uksouth.tts.speech.microsoft.com</domain>
      <domain>uksouth.s2s.speech.microsoft.com</domain>
    </external-service-usage>
    <property name="micButtonColor" display-name-key="mic button colour" description-key="The mic button colour (hex)" of-type="SingleLine.Text" usage="input" required="false"/>
    <property name="stopButtonColor" display-name-key="stop button colour" description-key="The stop button colour (hex)" of-type="SingleLine.Text" usage="input" required="false"/>
    <property name="autoDect" display-name-key="auto detect" description-key="Should the language be auto detected" of-type="TwoOptions" usage="input" required="false"/>
    <property name="translationsJSON" display-name-key="Translations JSON" description-key="The json string for translations" of-type="SingleLine.Text" usage="bound" required="false"/>
    <property name="subscriptionKey" display-name-key="Subscription Key" description-key="The subscription key" of-type="SingleLine.Text" usage="input" required="true"/>
    <property name="region" display-name-key="Region" description-key="The region" of-type="SingleLine.Text" usage="input" required="true"/>
    <property name="sourceLanguage" display-name-key="Source Language" description-key="The source language" of-type="SingleLine.Text" usage="input" required="true"/>
    <property name="targetLanguage" display-name-key="Target Language" description-key="The target language" of-type="SingleLine.Text" usage="input" required="true"/>
    <property name="state" display-name-key="Listening state" description-key="The listening state (waiting or listening)" of-type="SingleLine.Text" usage="bound" required="false"/>
    <property name="spokenText" display-name-key="Spoken Text" description-key="The spoken text" of-type="SingleLine.Text" usage="bound" required="false"/>
    <property name="translatedText" display-name-key="Translated Text" description-key="The translated text" of-type="SingleLine.Text" usage="bound" required="false"/>
    <property name="errorText" display-name-key="Error Text" description-key="The error text" of-type="SingleLine.Text" usage="bound" required="false"/>
    <resources>
      <code path="bundle.js" order="1"/>
      <css path="css/speechtotext.css" order="1"/>
    </resources>
    <feature-usage>
      <uses-feature name="Device.captureAudio" required="true"/>
    </feature-usage>
    <built-by name="pac" version="1.21.8"/>
  </control>
</manifest>